{"cameraMode":{"drawMode":0,"name":"Shaded","section":"Shading Mode"},"sceneLighting":true,"audioPlay":false,"sceneViewState":{"showFog":true,"showMaterialUpdate":false,"showSkybox":true,"showFlares":true,"showImageEffects":true,"showParticleSystems":true},"in2DMode":false,"pivot":{"x":-4.589076995849609,"y":2.8435463905334474,"z":4.444598197937012},"rotation":{"x":-0.08218993246555329,"y":0.8389140963554382,"z":-0.132208913564682,"w":-0.5215253233909607},"size":10.449999809265137,"orthographic":false}